{
  "n_images": 200,
  "mean_ms": 35.71095700002843,
  "median_ms": 33.59420000015234,
  "p95_ms": 46.88944500248908,
  "p99_ms": 65.57969499936006,
  "fps": 28.00260995523598,
  "target_10fps_met": true,
  "device": "cpu",
  "arch": "mobilenetv2"
}